title,rating,image,director,actor,date
자산어보,9.23,https://movie-phinf.pstatic.net/20210331_104/1617166166627wzUHH_JPEG/movie_image.jpg?type=m99_141_2,"
이준익
","설경구, 변요한",2021.03.31 개봉
노바디 ,9.05,https://movie-phinf.pstatic.net/20210401_47/161724473671902kQf_JPEG/movie_image.jpg?type=m99_141_2,"
일리야 나이슐러
",밥 오덴커크,2021.04.07 개봉
미나리,7.81,https://movie-phinf.pstatic.net/20210322_142/1616399817643EJ85O_JPEG/movie_image.jpg?type=m99_141_2,"
정이삭
","스티븐 연, 한예리, 윤여정, 앨런 김, 노엘 조, 윌 패튼",2021.03.03 개봉
아무도 없는 곳,7.04,https://movie-phinf.pstatic.net/20210318_169/1616050035638vpyp7_JPEG/movie_image.jpg?type=m99_141_2,"
김종관
","연우진, 김상호, 아이유, 이주영, 윤혜리",2021.03.31 개봉
극장판 귀멸의 칼날: 무한열차편,9.31,https://movie-phinf.pstatic.net/20210126_174/1611638248803840HH_JPEG/movie_image.jpg?type=m99_141_2,"
소토자키 하루오
","하나에 나츠키, 키토 아카리",2021.01.27 개봉
고질라 VS. 콩,8.35,https://movie-phinf.pstatic.net/20210310_199/1615367075185E9pMt_JPEG/movie_image.jpg?type=m99_141_2,"
애덤 윈가드
","알렉산더 스카스가드, 밀리 바비 브라운",2021.03.25 개봉
더스트맨,10.00,https://movie-phinf.pstatic.net/20210318_199/1616045593858wtxLk_JPEG/movie_image.jpg?type=m99_141_2,"
김나경
",우지현,2021.04.07 개봉
더 파더,9.50,https://movie-phinf.pstatic.net/20210323_50/1616476169545z5HcO_JPEG/movie_image.jpg?type=m99_141_2,"
플로리안 젤러
","안소니 홉킨스, 올리비아 콜맨",2021.04.07 개봉
당신의 사월,3.49,https://movie-phinf.pstatic.net/20210224_183/1614131241587WTJdt_JPEG/movie_image.jpg?type=m99_141_2,"
주현숙
","이유경, 조수진, 박철우, 정주연, 이옥영",2021.04.01 개봉
인천스텔라,7.74,https://movie-phinf.pstatic.net/20210318_281/1616043863160Y4nwt_JPEG/movie_image.jpg?type=m99_141_2,"
백승기
","손이용, 강소연, 정광우, 권수진",2021.03.25 개봉
소울,9.30,https://movie-phinf.pstatic.net/20210107_160/1609984702837oNdmw_JPEG/movie_image.jpg?type=m99_141_2,"
피트 닥터
","제이미 폭스, 티나 페이, 다비드 딕스",2021.01.20 개봉
해길랍,6.03,https://movie-phinf.pstatic.net/20210310_108/1615364735577t3OEz_JPEG/movie_image.jpg?type=m99_141_2,"
채밀결
","허광한, 요애녕, 임의잠",2021.03.31 개봉
라야와 마지막 드래곤,9.16,https://movie-phinf.pstatic.net/20210215_30/1613366376318deAa1_JPEG/movie_image.jpg?type=m99_141_2,"
돈 홀, 
								
									까를로스 로페즈 에스트라다
","켈리 마리 트란, 아콰피나, 산드라 오, 대니얼 대 킴, 젬마 찬",2021.03.04 개봉
피넛 버터 팔콘,10.00,https://movie-phinf.pstatic.net/20210324_65/16165637159137BB0n_JPEG/movie_image.jpg?type=m99_141_2,"
타일러 닐슨, 
								
									마이크 슈왈츠
","샤이아 라보프, 다코타 존슨, 잭 고츠아전, 존 호키스",2021.04.07 개봉
패왕별희 디 오리지널,9.32,https://movie-phinf.pstatic.net/20210210_265/1612922673967HDuOX_JPEG/movie_image.jpg?type=m99_141_2,"
천카이거
","장국영, 공리, 장풍의",2021.03.31 개봉
폴라로이드 작동법,8.75,https://movie-phinf.pstatic.net/20111224_283/1324655748372b2EBC_JPEG/movie_image.jpg?type=m99_141_2,"
김종관
","정유미, 이정민",2004.05.01 개봉
스파이의 아내,8.30,https://movie-phinf.pstatic.net/20210308_237/1615171952260dkz3u_JPEG/movie_image.jpg?type=m99_141_2,"
구로사와 기요시
","아오이 유우, 타카하시 잇세이, 히가시데 마사히로, 반도 류타",2021.03.25 개봉
시티 라이트,9.44,https://movie-phinf.pstatic.net/20150330_34/1427704499540uW3L4_JPEG/movie_image.jpg?type=m99_141_2,"
찰리 채플린
","찰리 채플린, 버지니아 쉐릴, 플로렌스 리, 해리 마이어스, 알랜 가르시아, 행크 만",2015.03.26 개봉
"조제, 호랑이 그리고 물고기들",8.99,https://movie-phinf.pstatic.net/20210324_5/1616552731595IPjJv_JPEG/movie_image.jpg?type=m99_141_2,"
타무라 코타로
","나카가와 타이시, 키요하라 카야",2021.03.31 개봉
지구 최후의 밤,7.48,https://movie-phinf.pstatic.net/20190625_153/1561429790305jIoL8_JPEG/movie_image.jpg?type=m99_141_2,"
비간
","탕웨이, 황각",2019.07.25 개봉
타인의 친절,9.90,https://movie-phinf.pstatic.net/20210324_224/1616548488773YwNF3_JPEG/movie_image.jpg?type=m99_141_2,"
론 쉐르픽
","조 카잔, 타하르 라힘, 빌 나이, 안드레아 라이즈보로, 케일럽 랜드리 존스, 제이 바루첼",2021.04.07 개봉
최면,5.24,https://movie-phinf.pstatic.net/20210315_6/1615776377782BBsNl_JPEG/movie_image.jpg?type=m99_141_2,"
최재훈
","이다윗, 조현, 김도훈, 남민우, 김남우",2021.03.24 개봉
정말 먼 곳,8.43,https://movie-phinf.pstatic.net/20210318_149/1616058935356uF5rW_JPEG/movie_image.jpg?type=m99_141_2,"
박근영
","강길우, 홍경, 이상희, 기주봉, 기도영, 최금순, 김시하",2021.03.18 개봉
해피 투게더,9.20,https://movie-phinf.pstatic.net/20210111_41/1610333478672K6ihS_JPEG/movie_image.jpg?type=m99_141_2,"
왕가위
","장국영, 양조위, 장첸",2021.02.04 개봉
파이터,7.56,https://movie-phinf.pstatic.net/20210223_109/1614071286007hejv3_JPEG/movie_image.jpg?type=m99_141_2,"
윤재호
","임성미, 백서빈, 오광록",2021.03.18 개봉
부활,9.61,https://movie-phinf.pstatic.net/20210319_228/1616116102230P9GPX_JPEG/movie_image.jpg?type=m99_141_2,"
구수환
",이태석,2021.03.26 개봉
에덴: 로스트 인 뮤직,7.78,https://movie-phinf.pstatic.net/20151007_83/1444183701565IFuVD_JPEG/movie_image.jpg?type=m99_141_2,"
미아 한센-러브
","펠릭스 드 지브리, 폴린 에티엔, 그레타 거윅, 브래디 코베, 골쉬프테 파라하니",2015.10.29 개봉
행복한 라짜로,8.66,https://movie-phinf.pstatic.net/20190530_66/15592076283949St3E_JPEG/movie_image.jpg?type=m99_141_2,"
알리체 로르와커
","아드리아노 타르디올로, 루카 치코바니",2019.06.20 개봉
중경삼림,8.93,https://movie-phinf.pstatic.net/20210208_255/1612760227924x9jop_JPEG/movie_image.jpg?type=m99_141_2,"
왕가위
","임청하, 양조위, 왕페이, 금성무",2021.03.04 개봉
질투,7.23,https://movie-phinf.pstatic.net/20150311_95/1426034858277jfRpr_JPEG/movie_image.jpg?type=m99_141_2,"
필립 가렐
","루이스 가렐, 아나 무글라리스",2015.04.09 개봉
불한당: 나쁜 놈들의 세상,6.43,https://movie-phinf.pstatic.net/20170517_137/1494988360843qAvzP_JPEG/movie_image.jpg?type=m99_141_2,"
변성현
","설경구, 임시완",2017.05.17 개봉
더 박스,9.04,https://movie-phinf.pstatic.net/20210315_37/1615794044458lhiGN_JPEG/movie_image.jpg?type=m99_141_2,"
양정웅
","찬열, 조달환",2021.03.24 개봉
죽은 시인의 사회,9.38,https://movie-phinf.pstatic.net/20210315_143/1615793538419tIM2B_JPEG/movie_image.jpg?type=m99_141_2,"
피터 위어
",로빈 윌리엄스,2021.04.01 개봉
아틱,8.30,https://movie-phinf.pstatic.net/20210318_258/1616035627017QhuyS_JPEG/movie_image.jpg?type=m99_141_2,"
조 페나
","매즈 미켈슨, 마리아 델마 스마라도티르",2021.04.01 개봉
화양연화,8.78,https://movie-phinf.pstatic.net/20201028_19/1603867994616GALu9_JPEG/movie_image.jpg?type=m99_141_2,"
왕가위
","장만옥, 양조위",2020.12.24 개봉
"힘내세요, 병헌씨",8.53,https://movie-phinf.pstatic.net/20130603_290/1370228109944RKPX2_JPEG/movie_image.jpg?type=m99_141_2,"
이병헌
","조향기, 홍완표, 양현민, 허준석, 김영현",2013.06.27 개봉
해변의 에트랑제,8.38,https://movie-phinf.pstatic.net/20210125_20/1611551696077lGGQ8_JPEG/movie_image.jpg?type=m99_141_2,"
오오하시 아키요
","무라타 타이시, 마츠오카 요시츠구, 시마무라 유우, 이토 카나에",2021.02.18 개봉
반지의 제왕: 왕의 귀환,9.38,https://movie-phinf.pstatic.net/20210311_228/1615424566975JRkQp_JPEG/movie_image.jpg?type=m99_141_2,"
피터 잭슨
","일라이저 우드, 숀 애스틴, 앤디 서키스, 이안 맥켈런, 리브 타일러, 비고 모텐슨, 올랜도 블룸, 존 라이스 데이비스, 빌리 보이드, 도미닉 모나한, 버나드 힐, 미란다 오토",2021.03.18 개봉
날씨의 아이,7.95,https://movie-phinf.pstatic.net/20200515_153/1589521029136pyDNk_JPEG/movie_image.jpg?type=m99_141_2,"
신카이 마코토
","심규혁, 김유림, 최한, 강은애, 이장원, 손정아, 다이고 코타로, 모리 나나, 오구리 슌, 혼다 츠바사, 히라이즈미 세이",2020.05.21 개봉
극장판 바이올렛 에버가든,9.48,https://movie-phinf.pstatic.net/20201015_24/1602727813929ObxtV_JPEG/movie_image.jpg?type=m99_141_2,"
이시다테 타이치
","이시카와 유이, 나미카와 다이스케",2020.11.12 개봉
아이 씨 유,7.88,https://movie-phinf.pstatic.net/20210304_145/1614836377669TftlG_JPEG/movie_image.jpg?type=m99_141_2,"
아담 랜달
","헬렌 헌트, 존 테니, 주다 루이스, 오웬 티그, 리베 바러, 그레고리 앨런 윌리엄스",2021.03.11 개봉
러빙 빈센트,9.22,https://movie-phinf.pstatic.net/20210304_7/16148427597050rJzf_JPEG/movie_image.jpg?type=m99_141_2,"
도로타 코비엘라, 
								
									휴 웰치맨
","더글러스 부스, 시얼샤 로넌, 제롬 플린, 에이단 터너",2021.03.17 개봉
초속5센티미터,8.36,https://movie-phinf.pstatic.net/20191115_264/15737816336734R30z_JPEG/movie_image.jpg?type=m99_141_2,"
신카이 마코토
","미즈하시 켄지, 하나무라 사토미, 오노우에 아야카",2017.11.02 개봉
시 읽는 시간,9.22,https://movie-phinf.pstatic.net/20210323_121/1616465992978K3XLL_JPEG/movie_image.jpg?type=m99_141_2,"
이수정
","오하나, 김수덕, 안태형, 임재춘, 하마무",2021.03.25 개봉
열혈남아,8.21,https://movie-phinf.pstatic.net/20210201_31/1612142603631nbsFQ_JPEG/movie_image.jpg?type=m99_141_2,"
왕가위
","유덕화, 장만옥",1989.10.04 개봉
라스트 레터,7.99,https://movie-phinf.pstatic.net/20210326_20/1616727664075P5xyx_JPEG/movie_image.jpg?type=m99_141_2,"
이와이 슌지
","마츠 다카코, 히로세 스즈, 안노 히데아키, 카미키 류노스케",2021.02.24 개봉
반지의 제왕: 반지 원정대,9.29,https://movie-phinf.pstatic.net/20210308_290/16151786976685f4Mv_JPEG/movie_image.jpg?type=m99_141_2,"
피터 잭슨
","일라이저 우드, 이안 맥켈런, 리브 타일러, 비고 모텐슨, 숀 애스틴, 케이트 블란쳇",2021.03.11 개봉
너의 새는 노래할 수 있어,8.14,https://movie-phinf.pstatic.net/20200323_292/1584931659805XcQge_JPEG/movie_image.jpg?type=m99_141_2,"
미야케 쇼 
","에모토 타스쿠, 이시바시 시즈카, 소메타니 쇼타",2020.04.16 개봉
커피 오어 티,8.85,https://movie-phinf.pstatic.net/20210317_213/1615941660599xGURu_JPEG/movie_image.jpg?type=m99_141_2,"
데렉 후이
","류호연, 팽욱창, 윤방",2021.03.31 개봉
턴: 더 스트릿,9.04,https://movie-phinf.pstatic.net/20210308_204/16151690232671pLCj_JPEG/movie_image.jpg?type=m99_141_2,"
임석진
","김승훈, 홍은기, 최연청, 이유진, 오명교, 권혁진, 양치승",2021.03.31 개봉
밤빛,8.60,https://movie-phinf.pstatic.net/20210204_171/1612401648317NgFUf_JPEG/movie_image.jpg?type=m99_141_2,"
김무영
","송재룡, 지대한",2021.03.04 개봉
싱크로닉,6.67,https://movie-phinf.pstatic.net/20210322_194/1616394886763SVgGg_JPEG/movie_image.jpg?type=m99_141_2,"
아론 무어헤드, 
								
									저스틴 벤슨
","안소니 마키, 제이미 도넌",2021.04.01 개봉
카오스 워킹,6.30,https://movie-phinf.pstatic.net/20210225_97/1614231870410l8bUS_JPEG/movie_image.jpg?type=m99_141_2,"
더그 라이만
","톰 홀랜드, 데이지 리들리, 매즈 미켈슨",2021.02.24 개봉
추룡 2 : 패왕,7.20,https://movie-phinf.pstatic.net/20210118_106/16109380921455Ax9y_JPEG/movie_image.jpg?type=m99_141_2,"
왕정, 
								
									관지요
","양가휘, 고천락, 임달화, 임가동",2021.04.01 개봉
아이카,9.50,https://movie-phinf.pstatic.net/20210311_223/1615453972813YJ5GV_JPEG/movie_image.jpg?type=m99_141_2,"
세르게이 드보르체보이
",사말 예슬라모바,2021.03.25 개봉
미션 파서블,7.33,https://movie-phinf.pstatic.net/20210217_241/1613552832867Ef7Rb_JPEG/movie_image.jpg?type=m99_141_2,"
김형주
","김영광, 이선빈",2021.02.17 개봉
낙엽귀근,9.22,https://movie-phinf.pstatic.net/20210302_166/1614666227601XrkTt_JPEG/movie_image.jpg?type=m99_141_2,"
장양
","곽도, 자오번산",2021.04.01 개봉
부활: 그 증거,9.35,https://movie-phinf.pstatic.net/20200917_133/1600306215089RKFsD_JPEG/movie_image.jpg?type=m99_141_2,"
김상철
","권오중, 이성혜, 이용규, 이어령, 천정은",2020.10.08 개봉
그녀가 사라졌다,8.45,https://movie-phinf.pstatic.net/20210217_83/1613533547319a4Nc6_JPEG/movie_image.jpg?type=m99_141_2,"
루크 이브
","브렌튼 스웨이츠, 릴리 설리반, 조엘 잭슨",2021.03.17 개봉
신 고질라,4.99,https://movie-phinf.pstatic.net/20170303_253/14885224385190u8vi_JPEG/movie_image.jpg?type=m99_141_2,"
안노 히데아키, 
								
									히구치 신지
","하세가와 히로키, 다케노우치 유타카, 이시하라 사토미",2017.03.08 개봉
킬링,0.00,https://movie-phinf.pstatic.net/20210108_168/1610092375568xSBIH_JPEG/movie_image.jpg?type=m99_141_2,"
츠카모토 신야
","츠카모토 신야, 이케마츠 소스케, 아오이 유우",2021.04.07 개봉
117편의 러브레터,8.91,https://movie-phinf.pstatic.net/20210302_206/1614663012921ti8Yu_JPEG/movie_image.jpg?type=m99_141_2,"
페트르 가르도스
","밀란 쉬러프, 에모크 피티, 안나 아즈카라테, 길라 알마고",2021.03.18 개봉
노가리,9.36,https://movie-phinf.pstatic.net/20210324_82/16165463994993eYsF_JPEG/movie_image.jpg?type=m99_141_2,"
박민국
","박민국, 서진원, 김은재, 최현신, 임지호, 김우건, 조건호, 정의욱",2021.03.31 개봉
더 테이블,8.01,https://movie-phinf.pstatic.net/20170803_104/1501721449407bMw1k_JPEG/movie_image.jpg?type=m99_141_2,"
김종관
","정유미, 한예리, 정은채, 임수정",2017.08.24 개봉
모리타니안,8.71,https://movie-phinf.pstatic.net/20210312_98/1615526859257m3Xyo_JPEG/movie_image.jpg?type=m99_141_2,"
캐빈 맥도널드
","베네딕트 컴버배치, 조디 포스터, 쉐일린 우들리, 타하르 라힘",2021.03.17 개봉
바울,9.16,https://movie-phinf.pstatic.net/20181126_296/1543195305541TXc6u_JPEG/movie_image.jpg?type=m99_141_2,"
앤드류 하얏트
","제임스 폴크너, 제임스 카비젤",2018.10.31 개봉
세자매,8.56,https://movie-phinf.pstatic.net/20210114_78/1610588407942CoL2I_JPEG/movie_image.jpg?type=m99_141_2,"
이승원
","문소리, 김선영, 장윤주",2021.01.27 개봉
신은 죽지 않았다 3: 어둠 속의 빛,8.31,https://movie-phinf.pstatic.net/20180612_194/1528767277354DKz2r_JPEG/movie_image.jpg?type=m99_141_2,"
마이클 메이슨
","데이빗 A.R. 화이트, 존 코베트, 쉐인 하퍼, 테드 맥긴리, 테이텀 오닐",2018.07.19 개봉
아비정전,8.48,https://movie-phinf.pstatic.net/20170315_53/148955223217831bi6_JPEG/movie_image.jpg?type=m99_141_2,"
왕가위
","장국영, 장만옥, 유덕화",2017.03.30 개봉
아일로,9.36,https://movie-phinf.pstatic.net/20210308_189/1615186121315N5aq5_JPEG/movie_image.jpg?type=m99_141_2,"
기욤 미다체프스키
",기욤 미다체프스키,2021.03.18 개봉
예수는 역사다,7.79,https://movie-phinf.pstatic.net/20170529_267/1496019021214jtmxd_JPEG/movie_image.jpg?type=m99_141_2,"
존 건
","마이크 보겔, 에리카 크리스틴슨, 페이 더너웨이, 로버트 포스터",2017.07.13 개봉
최악의 하루,7.80,https://movie-phinf.pstatic.net/20160712_61/1468283187882s0unW_JPEG/movie_image.jpg?type=m99_141_2,"
김종관
","한예리, 이와세 료, 권율",2016.08.25 개봉
가나의 혼인잔치: 언약,9.42,https://movie-phinf.pstatic.net/20201023_21/1603421248315A8uvj_JPEG/movie_image.jpg?type=m99_141_2,"
브렌트 밀러 주니어
","션 알다란, 잭 힙스, 젬마 리주토, 케빈 헤이어, J.D 파락",2020.11.26 개봉
고백,6.07,https://movie-phinf.pstatic.net/20210323_142/1616486373585xOa7v_JPEG/movie_image.jpg?type=m99_141_2,"
서은영
","박하선, 하윤경, 감소현",2021.02.24 개봉
너는 여기에 없었다,7.82,https://movie-phinf.pstatic.net/20180920_231/15374197669198uq0U_JPEG/movie_image.jpg?type=m99_141_2,"
린 램지
","호아킨 피닉스, 예카테리나 삼소노프",2018.10.04 개봉
너의 이름은.,8.79,https://movie-phinf.pstatic.net/20171222_70/1513920001726sikUX_JPEG/movie_image.jpg?type=m99_141_2,"
신카이 마코토
","카미키 류노스케, 카미시라이시 모네",2018.01.04 개봉
너의 췌장을 먹고 싶어,8.09,https://movie-phinf.pstatic.net/20170927_210/1506482182997qLEa4_JPEG/movie_image.jpg?type=m99_141_2,"
츠키카와 쇼
","하마베 미나미, 키타무라 타쿠미",2017.10.25 개봉
동사서독 리덕스,8.66,https://movie-phinf.pstatic.net/20200604_15/1591247825393Va5w9_JPEG/movie_image.jpg?type=m99_141_2,"
왕가위
","장학우, 장국영, 장만옥, 유가령, 양조위, 양가휘, 임청하, 양채니",2013.12.05 개봉
립반윙클의 신부,7.40,https://movie-phinf.pstatic.net/20160905_28/1473054641785xtP0m_JPEG/movie_image.jpg?type=m99_141_2,"
이와이 슌지
","쿠로키 하루, 아야노 고, 코코",2016.09.28 개봉
맹크,7.17,https://movie-phinf.pstatic.net/20201104_244/1604453688064YHNPF_JPEG/movie_image.jpg?type=m99_141_2,"
데이빗 핀처
","게리 올드만, 아만다 사이프리드, 릴리 콜린스, 알리스 하워드, 톰 펠프레이, 샘 트로튼, 퍼디난드 킹즐리, 튜펜스 미들턴, 톰 버크, 찰스 댄스, 조셉 크로스, 제이미 맥쉐인, 토비 레오나드 무어, 모니카 고스만, 레븐 램빈",2020.12.04 개봉
반지의 제왕: 두 개의 탑,9.35,https://movie-phinf.pstatic.net/20210311_91/16154244436748I97J_JPEG/movie_image.jpg?type=m99_141_2,"
피터 잭슨
","일라이저 우드, 이안 맥켈런, 비고 모텐슨",2021.03.18 개봉
아수라도,5.88,https://movie-phinf.pstatic.net/20210304_69/1614822106351dblaR_JPEG/movie_image.jpg?type=m99_141_2,"
윤여창
","이설구, 장광, 이원종",2021.03.18 개봉
아이 빌리브,8.77,https://movie-phinf.pstatic.net/20201022_271/1603334316864GIFQv_JPEG/movie_image.jpg?type=m99_141_2,"
절젼 페렛스키
","로완 스미스, 맷 린드퀴스트, 윌포드 브림리",2020.11.05 개봉
천로역정: 천국을 찾아서,8.83,https://movie-phinf.pstatic.net/20190624_263/1561360740472v2Mfv_JPEG/movie_image.jpg?type=m99_141_2,"
로버트 페르난데스
","존 라이스 데이비스, 벤 프라이스",2019.06.13 개봉
하나와 앨리스,8.12,https://movie-phinf.pstatic.net/20210205_285/1612505917116YXpTz_JPEG/movie_image.jpg?type=m99_141_2,"
이와이 슌지
","아오이 유우, 스즈키 안, 카쿠 토모히로",2014.07.10 개봉
겁쟁이 페달: 더 무비,9.01,https://movie-phinf.pstatic.net/20151202_53/1449022707963teyUK_JPEG/movie_image.jpg?type=m99_141_2,"
나가누마 노리히로
","야마시타 다이키, 토리우미 코스케, 후쿠시마 준, 야스모토 히로키, 모리쿠보 쇼타로, 이토 켄타로",2016.01.14 개봉
겁쟁이 페달: 리라이드,9.44,https://movie-phinf.pstatic.net/20151202_245/1449022835220GsF6T_JPEG/movie_image.jpg?type=m99_141_2,"
나베시마 오사무
","야마시타 다이키, 토리우미 코스케, 후쿠시마 준, 야스모토 히로키, 모리쿠보 쇼타로, 이토 켄타로",2016.01.14 개봉
겁쟁이 페달: 리로드,8.93,https://movie-phinf.pstatic.net/20151202_52/1449022767259zeSFr_JPEG/movie_image.jpg?type=m99_141_2,"
나베시마 오사무
","야마시타 다이키, 토리우미 코스케, 후쿠시마 준, 야스모토 히로키, 모리쿠보 쇼타로, 이토 켄타로",2016.01.14 개봉
겨울밤에,6.63,https://movie-phinf.pstatic.net/20201116_298/1605510504666cKAqL_JPEG/movie_image.jpg?type=m99_141_2,"
장우진
","서영화, 양흥주",2020.12.10 개봉
교실 안의 야크,9.42,https://movie-phinf.pstatic.net/20200910_92/1599711981305fdQMq_JPEG/movie_image.jpg?type=m99_141_2,"
파우 초이닝 도르지
","셰랍 도르지, 펨 잠, 켈든 라모 구룽, 유겐 노르부 렌덥, 체링 도르지",2020.09.30 개봉
그 여름 가장 조용한 바다,8.76,https://movie-phinf.pstatic.net/20170627_272/1498555306196it5pl_JPEG/movie_image.jpg?type=m99_141_2,"
기타노 다케시
","카와하라 사부, 마키 쿠로우도, 오시마 히로코, 테라지마 스스무",2004.08.13 개봉
그리고 방행자,9.53,https://movie-phinf.pstatic.net/20210218_245/1613616413839i0BYa_JPEG/movie_image.jpg?type=m99_141_2,"
손원경
","방행자, 손원경, 김종혁, 성현철",2021.03.11 개봉
극장판 소드 아트 온라인 -오디널 스케일-,8.95,https://movie-phinf.pstatic.net/20170203_137/1486084416321ESQw3_JPEG/movie_image.jpg?type=m99_141_2,"
이토 토모히코
","마츠오카 요시츠구, 토마츠 하루카, 이토 카나에",2017.02.23 개봉
극장판 쿠로코의 농구 라스트 게임,9.10,https://movie-phinf.pstatic.net/20170414_125/1492154333194H9k8h_JPEG/movie_image.jpg?type=m99_141_2,"
타다 슌스케
","오노 켄쇼, 오노 유우키, 사이토 치와",2017.04.27 개봉
극장판 페이트/그랜드 오더 신성원탁영역 카멜롯 완더링; 아가트람,4.53,https://movie-phinf.pstatic.net/20210204_295/1612419766484OyfWj_JPEG/movie_image.jpg?type=m99_141_2,"
스에자와 케이
","미야노 마모루, 시마자키 노부나가, 타카하시 리에, 사카모토 마아야, 카와스미 아야코, 미즈시마 타카히로",2021.02.25 개봉
기도하는 남자,7.89,https://movie-phinf.pstatic.net/20210324_115/1616551468723GErqJ_JPEG/movie_image.jpg?type=m99_141_2,"
강동헌
","박혁권, 류현경, 남기애",2021.03.24 개봉
당신을 기다리는 시간,8.37,https://movie-phinf.pstatic.net/20160105_158/1451982493811XvjqJ_JPEG/movie_image.jpg?type=m99_141_2,"
피에로 메시나
","줄리엣 비노쉬, 루 드 라쥬, 지오지오 콜란겔리",2016.01.28 개봉
동경 이야기,8.72,https://movie-phinf.pstatic.net/20140807_285/1407396855353S63rj_JPEG/movie_image.jpg?type=m99_141_2,"
오즈 야스지로
","류 치슈, 히가시야마 치에코",2014.08.16 개봉
두번째 사랑,8.00,https://movie-phinf.pstatic.net/20111223_202/1324583459627VgTbB_JPEG/movie_image.jpg?type=m99_141_2,"
김진아
","베라 파미가, 하정우, 데이비드 맥기니스",2007.06.21 개봉
라라의 신비한 모험,8.00,https://movie-phinf.pstatic.net/20210303_134/1614738716985lnl4t_JPEG/movie_image.jpg?type=m99_141_2,"
리스 오스볼
","김소희, 허성재, 김성화, 김용",2021.03.18 개봉
러브 라이브! 더 스쿨 아이돌 무비,8.51,https://movie-phinf.pstatic.net/20150821_231/14401205145729128K_PNG/movie_image.jpg?type=m99_141_2,"
쿄고쿠 타카히코
","닛타 에미, 난죠 요시노, 우치다 아야, 미모리 스즈코, 이이다 리호, 파일 , 쿠스다 아이나, 쿠보 유리카, 토쿠이 소라",2015.09.03 개봉
러브 액츄얼리,8.93,https://movie-phinf.pstatic.net/20191202_278/1575250003279Taafr_JPEG/movie_image.jpg?type=m99_141_2,"
리차드 커티스
","휴 그랜트, 리암 니슨, 콜린 퍼스, 로라 리니, 엠마 톰슨, 앨런 릭먼, 키이라 나이틀리, 마틴 맥커친, 빌 나이",2020.12.16 개봉
레미제라블,8.38,https://movie-phinf.pstatic.net/20130114_290/1358128162403GMaQx_JPEG/movie_image.jpg?type=m99_141_2,"
톰 후퍼
","휴 잭맨, 앤 해서웨이, 러셀 크로우, 아만다 사이프리드, 헬레나 본햄 카터, 사챠 바론 코헨",2012.12.19 개봉
마태복음,7.71,https://movie-phinf.pstatic.net/20111222_8/1324530628278p3TjK_JPEG/movie_image.jpg?type=m99_141_2,"
피에르 파올로 파졸리니
","엔리케 이라조퀴, 마르게리타 카루소, 수잔나 파솔리니",2001.03.24 개봉
만춘,8.19,https://movie-phinf.pstatic.net/20111223_122/1324637849375kwUd5_JPEG/movie_image.jpg?type=m99_141_2,"
오즈 야스지로
","아오키 호히, 하라 세츠코, 미시마 마사오",2004.05.28 개봉
멜랑콜리아,7.76,https://movie-phinf.pstatic.net/20120416_264/13345590194103UByS_JPEG/movie_image.jpg?type=m99_141_2,"
라스 폰 트리에
","커스틴 던스트, 샤를로뜨 갱스부르",2012.05.17 개봉
밀양,7.92,https://movie-phinf.pstatic.net/20111223_184/13245730000367KK9o_JPEG/movie_image.jpg?type=m99_141_2,"
이창동
","전도연, 송강호",2007.05.23 개봉
브레이브 언더 파이어,8.34,https://movie-phinf.pstatic.net/20210309_295/1615268177620WO9Op_JPEG/movie_image.jpg?type=m99_141_2,"
알렉세이 누즈니
","콘스탄틴 카벤스키, 이반 얀콥스키",2021.03.17 개봉
브레이킹 더 웨이브,8.81,https://movie-phinf.pstatic.net/20111221_59/1324449541916BHhqu_JPEG/movie_image.jpg?type=m99_141_2,"
라스 폰 트리에
","에밀리 왓슨, 스텔란 스카스가드",2019.06.21 개봉
블루 재스민,8.51,https://movie-phinf.pstatic.net/20130828_88/1377668719294aoeQM_JPEG/movie_image.jpg?type=m99_141_2,"
우디 앨런
","케이트 블란쳇, 알렉 볼드윈, 샐리 호킨스, 바비 카나베일",2013.09.25 개봉
빛과 철,8.26,https://movie-phinf.pstatic.net/20210203_43/16123289905147UkNJ_JPEG/movie_image.jpg?type=m99_141_2,"
배종대
","염혜란, 김시은, 박지후",2021.02.18 개봉
사막의 라이온,8.53,https://movie-phinf.pstatic.net/20111222_144/1324498432034dBAmo_JPEG/movie_image.jpg?type=m99_141_2,"
무스타파 아카드
","안소니 퀸, 올리버 리드",1981.12.17 개봉
살인광 시대,8.68,https://movie-phinf.pstatic.net/20111221_277/1324462468053JfkSq_JPEG/movie_image.jpg?type=m99_141_2,"
찰리 채플린
",찰리 채플린,2015.10.13 개봉
스잔나,8.78,https://movie-phinf.pstatic.net/20150420_196/1429513051082Qa6Vp_JPEG/movie_image.jpg?type=m99_141_2,"
하몽화
",리칭,1981.07.17 개봉
시,8.93,https://movie-phinf.pstatic.net/20111223_172/1324612498347Kl4HY_JPEG/movie_image.jpg?type=m99_141_2,"
이창동
",윤정희,2010.05.13 개봉
식물도감,8.51,https://movie-phinf.pstatic.net/20180601_210/1527819835110o58FK_JPEG/movie_image.jpg?type=m99_141_2,"
미키 코이치로
","이와타 타카노리, 타카하타 미츠키",2018.06.21 개봉
썩시드,8.00,https://movie-phinf.pstatic.net/20200117_116/1579248763145S6Hfb_JPEG/movie_image.jpg?type=m99_141_2,"
차야놉 분프라콥 
","지라유 라-옹마니, 파차라 치라치뱃, 나타샤 나울잠, 타왓 포른라타나프라세르트",2020.01.09 개봉
아름다운 직업,6.17,https://movie-phinf.pstatic.net/20111222_49/132448580727205LQf_JPEG/movie_image.jpg?type=m99_141_2,"
클레어 드니
","그레고리 콜린, 드니 라방",2004.05.11 개봉
아무도 모른다,8.88,https://movie-phinf.pstatic.net/20170120_214/1484874743133ccSMu_JPEG/movie_image.jpg?type=m99_141_2,"
고레에다 히로카즈
","야기라 유야, 키타우라 아유, 키무라 히에이",2017.02.08 개봉
안녕하세요,8.93,https://movie-phinf.pstatic.net/20111222_172/1324530884035Ih8ci_JPEG/movie_image.jpg?type=m99_141_2,"
오즈 야스지로
","사다 케이지, 쿠가 요시코, 류 치슈",2004.05.28 개봉
애비규환,6.92,https://movie-phinf.pstatic.net/20201026_228/1603688295184ISYNW_JPEG/movie_image.jpg?type=m99_141_2,"
최하나
","크리스탈, 장혜진, 최덕문, 이해영",2020.11.12 개봉
에로스,6.74,https://movie-phinf.pstatic.net/20111222_184/1324546022107iHdDp_JPEG/movie_image.jpg?type=m99_141_2,"
왕가위, 
								
									스티븐 소더버그, 
								
									미켈란젤로 안토니오니
","공리, 장첸",2005.06.30 개봉
에스트라파드 거리,0.00,https://movie-phinf.pstatic.net/20160316_241/1458105023887Bd7DF_JPEG/movie_image.jpg?type=m99_141_2,"
자크 베케르
","다니엘 겔린, 루이 주르당, 안네 베르농",2016.03.18 개봉
엠마,7.73,https://movie-phinf.pstatic.net/20200214_127/158165271495850ebM_JPEG/movie_image.jpg?type=m99_141_2,"
어텀 드 와일드
",안야 테일러 조이,2020.02.27 개봉
열혈남아,7.72,https://movie-phinf.pstatic.net/20111223_66/1324577816239RQoe4_JPEG/movie_image.jpg?type=m99_141_2,"
이정범
","설경구, 조한선, 나문희",2006.11.09 개봉
오아시스,9.18,https://movie-phinf.pstatic.net/20111222_263/1324557403000CgQL1_JPEG/movie_image.jpg?type=m99_141_2,"
이창동
","설경구, 문소리",2002.08.15 개봉
오차즈케의 맛,7.70,https://movie-phinf.pstatic.net/20201127_146/1606441017408rhJxS_JPEG/movie_image.jpg?type=m99_141_2,"
오즈 야스지로
","사부리 신, 코구레 미치요",2004.05.28 개봉
일대종사,8.01,https://movie-phinf.pstatic.net/20130722_36/13744580771958S8Jg_JPEG/movie_image.jpg?type=m99_141_2,"
왕가위
","양조위, 장쯔이, 송혜교, 장첸",2013.08.22 개봉
찬실이는 복도 많지,8.75,https://movie-phinf.pstatic.net/20201103_58/1604370513537sEbMD_JPEG/movie_image.jpg?type=m99_141_2,"
김초희
",강말금,2020.11.26 개봉
초록물고기,8.82,https://movie-phinf.pstatic.net/20111223_77/1324577791037bQ1lC_JPEG/movie_image.jpg?type=m99_141_2,"
이창동
","한석규, 심혜진, 문성근",1997.02.07 개봉
카페 소사이어티,7.69,https://movie-phinf.pstatic.net/20160905_194/1473053493882el69E_JPEG/movie_image.jpg?type=m99_141_2,"
우디 앨런
","제시 아이젠버그, 크리스틴 스튜어트, 블레이크 라이블리",2021.02.25 개봉
프라미싱 영 우먼,8.47,https://movie-phinf.pstatic.net/20210208_83/1612747165478tIX9H_JPEG/movie_image.jpg?type=m99_141_2,"
에머랄드 펜넬
",캐리 멀리건,2021.02.24 개봉
헬렌: 내 영혼의 자화상,8.11,https://movie-phinf.pstatic.net/20210205_206/1612491783197zQRPm_JPEG/movie_image.jpg?type=m99_141_2,"
안티 조키넨
",로라 비른,2021.02.25 개봉
힐빌리의 노래,8.77,https://movie-phinf.pstatic.net/20201110_72/1604986337939OJpVj_JPEG/movie_image.jpg?type=m99_141_2,"
론 하워드
","에이미 아담스, 글렌 클로즈, 가브리엘 바쏘, 헤일리 베넷",2020.11.24 개봉
3개의 얼굴들,8.67,https://movie-phinf.pstatic.net/20200827_116/15984940709696r6FP_JPEG/movie_image.jpg?type=m99_141_2,"
자파르 파나히
","베나즈 자파리, 자파르 파나히",2021.03.04 개봉
건축학개론,8.67,https://movie-phinf.pstatic.net/20120227_164/1330332687398PQ1U3_JPEG/movie_image.jpg?type=m99_141_2,"
이용주
","엄태웅, 한가인, 이제훈, 수지",2012.03.22 개봉
남매의 여름밤,8.94,https://movie-phinf.pstatic.net/20200721_100/1595307510654a6eNC_JPEG/movie_image.jpg?type=m99_141_2,"
윤단비
","최정운, 양흥주, 박현영, 박승준",2020.08.20 개봉
늑대소년,8.66,https://movie-phinf.pstatic.net/20121015_190/1350280084768nSVfX_JPEG/movie_image.jpg?type=m99_141_2,"
조성희
","송중기, 박보영",2012.12.06 개봉
리틀 조,6.00,https://movie-phinf.pstatic.net/20210325_132/16166613479694u39i_JPEG/movie_image.jpg?type=m99_141_2,"
예시카 하우스너
","에밀리 비샴, 벤 위쇼, 키트 코너",2021.04.01 개봉
몬테크리스토: 더 뮤지컬 라이브,9.45,https://movie-phinf.pstatic.net/20210305_78/1614908101775ijCvq_JPEG/movie_image.jpg?type=m99_141_2,"
오윤동
","카이, 린아, 김준현, 이종문, 최성원, 이상준, 김영주, 신재범, 최지혜",2021.03.19 개봉
미드나이트 스카이,6.91,https://movie-phinf.pstatic.net/20201029_48/1603933692802GfEyT_JPEG/movie_image.jpg?type=m99_141_2,"
조지 클루니
","조지 클루니, 펠리시티 존스, 데이빗 오예로워, 카일 챈들러",2020.12.09 개봉
미드나잇 버스,8.68,https://movie-phinf.pstatic.net/20210115_75/1610693917244VmoRX_JPEG/movie_image.jpg?type=m99_141_2,"
타케시타 마사오
","하라다 타이조, 야마모토 미라이",2021.02.04 개봉
미스 사이공: 25주년 특별 공연,9.20,https://movie-phinf.pstatic.net/20161103_256/1478160313724rHuDS_JPEG/movie_image.jpg?type=m99_141_2,"
브렛 설리반
","알리스태어 브래머, 에바 노블자다, 홍광호, 존 존 브라이언스",2016.11.24 개봉
반딧불이 딘딘과 용감한 곤충 탐험대,6.92,https://movie-phinf.pstatic.net/20210225_212/1614230200527IKqmQ_JPEG/movie_image.jpg?type=m99_141_2,"
등위봉
",등위봉,2021.03.25 개봉
벌새,8.75,https://movie-phinf.pstatic.net/20190805_121/1564969695835Iq9Qc_JPEG/movie_image.jpg?type=m99_141_2,"
김보라
","박지후, 김새벽",2019.08.29 개봉
별을 쫓는 아이,7.91,https://movie-phinf.pstatic.net/20191115_267/1573781776752zMIbV_JPEG/movie_image.jpg?type=m99_141_2,"
신카이 마코토
","카네모토 히사코, 이리노 미유, 이노우에 카즈히코",2016.09.22 개봉
소공녀,8.79,https://movie-phinf.pstatic.net/20180306_274/1520300631041QOrJ2_JPEG/movie_image.jpg?type=m99_141_2,"
전고운
","이솜, 안재홍",2018.03.22 개봉
스왈로우,7.00,https://movie-phinf.pstatic.net/20210326_82/16167501298307gjCS_JPEG/movie_image.jpg?type=m99_141_2,"
카를로 미라벨라 데이비스
","헤일리 베넷, 오스틴 스토웰",2021.04.01 개봉
신 테니스의 왕자 효테이 vs 릿카이 : 게임 오브 퓨처 전편,8.43,https://movie-phinf.pstatic.net/20210305_203/1614920212117AFeua_JPEG/movie_image.jpg?type=m99_141_2,"
카와구치 케이이치로
","스와베 쥰이치, 호시 소이치로, 나미카와 다이스케, 이와사키 마사미, 타카하시 나오즈미, 모리쿠보 쇼타로",2021.03.24 개봉
아가씨,7.14,https://movie-phinf.pstatic.net/20160523_204/14639851237601hEGQ_JPEG/movie_image.jpg?type=m99_141_2,"
박찬욱
","김민희, 김태리, 하정우, 조진웅",2016.06.01 개봉
테넷,8.17,https://movie-phinf.pstatic.net/20200728_86/15959209130236RePy_JPEG/movie_image.jpg?type=m99_141_2,"
크리스토퍼 놀란
","존 데이비드 워싱턴, 로버트 패틴슨, 엘리자베스 데비키",2020.08.26 개봉
파수꾼,9.19,https://movie-phinf.pstatic.net/20111223_299/1324632673906KHPrP_JPEG/movie_image.jpg?type=m99_141_2,"
윤성현
","이제훈, 서준영, 박정민, 조성하",2011.03.03 개봉
